ID,Name
982, Mrs. Jenna Carey MD
431, Amy Butler
441, Micheal Jackson
255, William Jones
375, Colleen Marquez
344, Jennifer Carney
565, Hannah White
178, John Petty
575, Matthew Hernandez
377, William Bell
693, Heather Lane
790, Fernando Reed
464, Melissa Ford
115, Paula Logan
818, Julie Green
972, Amanda Burke
751, Melinda Jones
915, Theresa Rowe
419, Rhonda Mendoza
576, John Boyd
533, Christine Graham
991, Kimberly Herrera
249, Allen Hughes
465, Blake Baldwin
371, Nicole Sanders
956, Sean Stafford
80, Jillian Shields MD
78, Donna Cruz
404, John Evans
709, Tammy Riley
739, Steven Monroe
835, Zachary Johnson
646, Dr. Keith Mack
455, Connie Wells
812, Laura Ray
246, Amanda Pratt
971, Deborah Anderson
91, Isaiah Whitaker
602, Denise Walters
458, Matthew Tran
403, Crystal George
828, Kari Perez
613, Michael Smith
537, Joshua Smith
452, Andrew Anderson
217, Brian Ray
695, Tyler Webster
769, Kelly Foster
750, Greg Abbott
38, Jennifer Murphy
454, Paul Wolf
833, Crystal Lane
209, Shirley Estrada
40, Rebecca Snow
262, Amy Zhang
110, Dr. Kevin Murphy
744, Robert Long
925, Clinton Higgins
808, Kenneth Kelley
464, Bradley Oliver
255, Mr. Russell Moreno
523, Wendy Rodriguez
807, Amber Ryan
494, Jenna Barker
74, Monique Martinez
343, Alexander Best
893, Alexander Ramos
416, Debbie Holmes PhD
786, Lydia Schneider
477, Jessica Gardner MD
82, Renee Bell
668, Robin Rivera
488, Erika Garcia
891, Jeremy Lee
566, Joseph Castillo
122, Katrina Singleton
729, Brent Franklin
338, Stephen Grant
313, Garrett Ward
388, Jimmy Reed
313, Bryan Yoder
42, Phillip Shelton
740, Christine Peterson
666, Janet Parker
99, Paige Tucker
708, Jasmine Jackson
17, Zachary Estrada
154, Denise Garza
689, Austin Boyd
799, Elizabeth Carter
475, Anna Weaver
952, Sarah Roberts
650, Autumn Hunt
697, Robert Roy
259, Ellen Boone
197, Steven Walters
685, Regina Silva
975, Morgan Gomez
604, Kelly Kelly
538, Sylvia Martin
637, Michael Oconnor
350, Matthew Alvarado
751, Tami Flores
430, Dustin Jones MD
653, Deborah Kerr
257, Scott Wheeler
490, Ashley Conner
253, Jeffrey Martinez
815, Jill Stewart
793, Brooke Brown
871, Katie Snow
744, John Sparks
154, Paul Powell
640, Michael Mata
633, Michael Clark V
453, Jessica Mitchell
763, Samantha Edwards
390, Jill Boyer
303, Michael Dixon
584, John Miller
160, Emily Glover
557, Stephanie Jordan
288, Caitlin Newton
35, Marissa Ortiz
130, Jennifer Adams
387, Sandra Hoffman
844, Jesse Lee
649, Alexandra Smith
748, Daniel Perkins
608, Jillian Harvey
828, Angel Hernandez
893, Beth Schultz
519, Jessica Rose
120, Christopher Simpson
390, Mr. Arthur Hammond
976, Kurt White
687, Kevin Anderson
39, David Maddox
289, Jeanne Crawford
548, Joseph Jackson
686, Melanie Allen
975, Carla Bailey
294, Tiffany Herrera
964, Tanya Smith
773, Aaron Patterson
551, Terry Smith
831, Wendy Clark
88, Ryan Bentley
469, Kelsey Brooks
583, John Pierce
177, Carrie Anthony
166, Nathaniel Ross
525, Rebecca Trevino
534, Ronald Gibbs
917, Patricia Ferguson
644, Don Mejia
333, Cynthia Wiley
185, Joel Hansen
769, David Leblanc
919, Roger Hensley
554, Isaiah Wilcox
942, Peter Smith
484, Danielle Pace
200, Kimberly Williams
705, Mrs. Amanda Davis
511, Teresa Henderson
153, Ray Smith
733, Megan Garcia
361, Sally Warren
903, Jason Walls
58, Ricky White
521, Scott Green
905, Melissa Mccoy
329, Gerald Harris
382, Derrick Miller
13, Steven Cox
296, Tyler Gomez
517, Wendy Gibson
708, John Rodriguez
848, Amanda Cameron
542, Beverly Lopez
364, Edward Wilson
219, Amanda Jones
394, Carrie Campos
49, David Miller
548, Samantha Miller DDS
462, Michael Reed
995, Jesse Key
14, Ashley Lopez
74, Melvin Phillips
4, Haley Franklin
191, Maria Smith
428, Charlotte Roberts
758, Brittany Burnett
338, David Garrett
236, Stephanie Stewart
560, Michelle Fox
765, Amanda Charles
799, Lisa Smith
904, Emily Lin
358, Shane Rangel
574, Amanda Vasquez
359, Maureen Carter
582, Allen Curtis
891, Juan Mora
581, William Davis
631, Bethany Hill
327, Jacob Chan
419, Kevin Reese
572, Jennifer Mack
872, Priscilla Singh
67, Nathan Brown
492, Paul Fleming
830, Tiffany Lang
483, Jamie Barnett MD
124, Molly Myers
408, Peter Ray
559, Debra Butler
182, Monique Kemp
103, Wendy Wilcox
339, Kevin Oneill
631, James Sanford
799, Nicholas Smith
865, Jacob Miles
541, Summer Meyer
521, Levi Huff
661, Hannah Simmons
473, Abigail Clark
683, Marcus Krueger PhD
144, Laura Foster
661, Scott Chavez
15, Michael Alvarez
638, Ashley Anthony
805, Grant Hamilton
569, Tiffany Diaz
201, Ashley Johnson
34, Yolanda Kelly
333, David Buchanan
477, Joanna Roberts
796, Sara Gardner
155, Kristen Bradford
397, David Becker
138, Chad Clarke
262, Christopher Cisneros
671, Jesus Li
407, Joshua Sanchez
437, Abigail Grimes
734, Benjamin Jones
692, Jessica Robles
133, Dr. Allison Ramsey
236, Deborah Nelson
587, Howard Weaver
538, Crystal Bryant
104, Dr. Joshua George MD
576, Sergio Nicholson
335, Fernando Riley
153, Bridget Cox
938, David Gibbs
878, Craig Conway
99, Anthony Wong
754, Kimberly Douglas
915, Anthony Chandler
935, Sarah Schwartz
697, William Frey
919, Sarah Mora
966, Amy Jones
680, Matthew Wong
510, Crystal Barker
409, John Johnson
712, Jeremy Taylor
456, Caroline Andrews
124, Ricky Cox
647, Joyce Goodman
740, Darren Huerta
169, Harry Taylor
748, Tyler Gallagher
270, Robert Page
704, Melissa Jackson
291, Dorothy Mueller
344, Eugene Brooks
92, Michael Casey
249, Anne Brown
44, Elizabeth Campbell
941, Katherine Nunez
223, Krista Williams DVM
983, Maria Haas
404, Chelsea Underwood
208, Daniel Schneider
743, Stephanie Horton
285, Francisco Gonzales
785, Ryan Barnett
44, Kristen Sullivan
758, Danielle Wolfe
328, Travis Harrell
997, William Contreras
502, John Miller
361, Dawn Young
117, Susan Patrick
710, David Kelley
500, Jennifer Rodriguez
845, Jack Stephens
227, Jason Marks
50, Adam Jackson
717, Juan Garcia
231, Hannah Clark
489, Peter Cervantes
453, Alexandra Gallegos
337, Corey Odonnell
529, Mark Mcdonald
366, Shawn Garcia
678, Summer Payne
907, Anthony Miller
60, Stephanie Burgess
210, Kyle Boyd
393, Benjamin Silva
8, Tracy Marsh
916, Desiree Cole
554, Derek Mccullough
705, Michael Perry
756, Kathryn Fry
655, Charles Bush DVM
431, Teresa Nelson MD
820, Miguel Jacobs
578, Joseph Scott
975, Jeremy Velasquez
434, David Reed
540, Paula Porter
235, Cory Clark
854, Jennifer Evans
893, John Miller
45, Tanya Vasquez MD
208, Nathan Crawford
643, Ronald Edwards
157, Margaret Murphy
277, Mark Stanley
400, Anthony Lee
939, Robert Reed
702, David Lopez
76, Roger Ball
569, Luke Wilson
143, Monica Murray
960, Angela Moore
597, Jill Wright
175, Emily Ross
658, Mr. Carl Williams
523, Debbie Williams
888, Julia Brandt
976, Lisa Smith
518, Edward Burton
540, Matthew Miller
147, Nicholas Hughes
709, Sabrina Pitts
731, Mary Sutton
326, Ian Larson
142, Justin Price
113, Allen Noble
103, Russell Brown
525, Kimberly Berg
172, Gregory Jenkins
588, Angela Melton
633, Danielle Barron
323, Ian Chandler
501, Mike Schmidt
772, Tamara Beck
779, Misty Simmons
701, Katrina Cox
165, Margaret Burton
554, Cheryl Jones
727, Shelly Gutierrez
196, Donna Thompson DVM
899, Gary Garcia
357, Christian Hamilton
863, Jose Stein
802, Brian Bryant
302, Dawn Johnson
431, John Gilmore
310, Kyle Landry
834, Nicole Nolan
483, Jonathan Parker
431, Daniel Allen
631, Tyler Smith
435, Laura Russo
583, Dwayne Simmons
815, Roger Wilkerson
378, Daniel Stewart
335, Paul Franco
862, Carrie Greene
172, Mark Carter
102, Bradley Johnson
570, Nancy Thompson
492, Mark Cooper
983, Gary Andrade
440, Sonia Martinez
679, Amy Carroll
811, Meredith Morgan
537, Jesus Pearson
919, Stephanie Morris
230, Hannah Bennett
496, Cody Miller
277, Gerald Smith
777, Gloria Blake
433, Kristina Mcbride
336, Jared Stout
261, Mark Maxwell
386, Stacey Morrison
253, John Welch
319, Christopher Taylor
402, Jessica Perez
64, Teresa Davis
335, Steven Houston
775, Ryan Sparks
602, Pamela Nixon
461, John Aguilar
370, Christian Perez
643, Dr. Christopher Hawkins
444, Katherine Brown
845, Jesse Boyle
217, Douglas Carter
525, Steven Dixon
875, Julie Ryan
378, Tyler Brown
25, Dominique Wheeler
499, Brandon Price
256, David Maldonado
428, Karen Carrillo
590, Steven Dean
12, Chad Tate
373, Megan Dickson
479, Christina Franklin
633, Kimberly Stewart
627, Michael Gutierrez
460, Melissa French
535, Johnny Schwartz
842, Jennifer Allen DDS
78, Caleb Morrison
929, Erik Gillespie
750, Madeline Ford
512, Kyle Gaines
223, Brian Cooper
862, Charles Baxter
538, George Robertson
591, Michael Edwards
117, Victor Kerr
385, Charles Smith
166, John Medina
223, Michael Poole
592, Travis Boyer
862, Megan Thompson
94, Oscar Perez
434, Jeffrey Russell
692, Brooke Snyder
721, Jennifer Moore
417, Gina Mann
685, Wanda Powers
228, Mrs. Lauren Ortega MD
654, Micheal Blair
270, Danielle Beck
811, Samantha Smith
409, Melissa Lee
632, Danielle Holmes
731, Craig Avila
848, Kimberly Brock
357, Randall Jackson
27, Gary Foster
444, Allen Baldwin
184, Mrs. Danielle Johnson
474, Debbie Nguyen
33, Ashley Watts
855, Jacob Stewart
202, Elizabeth Horton
533, Kayla Wilkins
311, Isaiah Robinson
497, Joshua Scott
630, Nicholas Johnson
423, Chelsea Williams
612, Debra Pearson
65, Crystal Bush
794, David Lin
72, Heather Johnson
480, Katrina Alvarez
507, Julie Bond
217, Kayla Green
386, Joshua Bailey
955, Barbara Freeman
900, Sean Becker
284, Michael Hampton
127, Julie Sanchez
52, Robert Calderon
247, Donna Velasquez
970, Tara Marshall
81, Mrs. Jennifer Foster
315, Eduardo Goodwin
634, Garrett Gibson
290, Melvin Gregory
680, Jennifer Olson
381, Alexis Mitchell
178, William Lindsey
210, Karen King
625, Brittany Long DVM
47, Tyler Allen
29, Nathan Martin
801, Julie Garcia
863, Sara Hawkins DDS
270, Shelby Rose MD
92, Jeremiah Smith
749, Aaron Harper
810, Jason Weber
731, Kaitlyn Stewart
420, Shelby Simpson
956, Tanya Butler
786, Matthew Foster
698, Joseph Bennett
342, Linda Barber
400, Jenny Medina
963, Manuel Harris
568, Jeffrey Watson
715, Thomas Cook
391, Kathleen Chavez
369, Jennifer Bowen
511, Anthony Warner
686, Kent Velazquez
575, Elizabeth Mcgee
246, Stephanie Casey
794, Patricia Franklin
608, Juan Brooks
520, Catherine Moore
293, Tara Mcintosh
143, Austin Norman MD
32, Eric Olson
177, Todd Lozano
975, Chad Ramirez
975, Angel Sullivan PhD
276, Alexis Wilson
546, John Wilson
637, Debra Carter
891, John Holloway
643, Annette Jackson
168, Amanda Mahoney
809, Michael Bright
518, Tammy Jimenez
133, Cindy Martin MD
987, John Mejia
235, Sean Bowen
467, Daniel Wright
218, James Jackson
247, Cassandra Garrison
372, Jeffrey Jimenez
11, Robert Murphy
906, Matthew Johnson
110, Victoria Williams
885, Andrew Wolf
450, Ashley Peterson
681, Teresa Walton
887, Jordan Summers
290, Patrick Pena
668, Patricia Johnston
210, Stacy Nguyen
109, Kristi Black
298, Jason Rodgers
711, Kristy Krueger
713, Betty Schmidt
350, Sandra Turner
818, Emily Davis
554, Derrick Miles
924, Dustin Hawkins
469, Daniel Carter
219, Vicki Bray
397, Jeffery Jackson
865, Joshua Hughes
878, Colton Ellison
575, Mark Warner
712, Mariah Boyer
157, Eric Mendez
534, Brenda Palmer
131, Lisa Miller
382, Stephanie Velazquez
293, Paul Keith Jr.
774, David Johnson
828, Alex Johnson
188, Patricia Baker
865, Brian Nguyen
269, Samantha English
557, Kathleen Payne
622, Dr. Ronald Cooke
338, Benjamin Allen
869, Joseph Williams
693, Andrew Hanna
781, Maria Harris
15, Stephen Wagner
219, Yvonne Williams
683, James Hansen
724, Christina Munoz
773, Jeffery Wall
498, William Smith
589, Christy Bowen
359, Kenneth Lee
29, Stacy Olson
333, Robert Wright
276, Stephanie Brown
834, Katelyn Mann
226, Nathaniel Keith
836, Tammy Evans
957, Melissa Parker
999, Michael Brown
923, Matthew Jackson
728, Shannon Hayes
247, Dr. Abigail Best
708, Michael Garcia
697, Kevin Howard
827, James Watkins
755, Andrew Delgado DVM
79, Jennifer Bolton
623, Jenny Moss
2, Maria Patterson
899, Jenna Wyatt
324, Sandra White
38, Emily Harrison
769, Jennifer Poole
385, Olivia Miller
988, Jordan Robles
665, Ricky Hatfield
768, Christina Young
674, John Miller
882, Mr. David Horton
308, Matthew Hensley
559, Wanda Long
806, Michelle Morrison
157, Anthony Gallagher
418, Carol Burgess
440, Mark Schroeder
35, Kristin Hunt
155, Becky Cook
766, Samuel Morris
971, Victor Mcgee
830, Andrea Smith
217, Nicholas Morgan
266, Sandra Curtis
557, Gregory Guzman
467, Stacy Hill
73, Monica Burch
60, Deborah Nelson
214, Jeanette Duncan
257, Ann Torres
383, Richard Yang
190, Ryan Allen
713, Troy Hicks
318, Mark Lopez
57, Vicki Mitchell
177, Brooke Green
691, Jeffrey Kelly
835, Jonathan Ward
455, Sandra Williams
865, Denise Howard
516, Elizabeth Jackson
736, Kristen Rice MD
30, James Hebert Jr.
791, Rachel Santana
229, Jonathan Smith
997, Melanie Ray
85, Michael Lopez
91, James Krause
818, Amber Rivera
266, Dana West
371, Kathleen Salazar
575, Brooke Peters
239, Derek Taylor
870, Mark Payne
698, Randy Smith
669, Charles Alvarez
632, Brandon Andrade
253, Robert Reyes
777, Brooke Huff
275, Christine Johnson
356, Michael Parker
265, Vanessa Adams
87, Frank Bailey
345, Amber Singh MD
754, Matthew Fuller
187, Michael Daniels
77, Gregg Steele
859, Dr. Aaron Herman PhD
883, Jamie Brown
870, Angela Ortiz
267, Charlene Ramirez
266, Kristopher Case
483, Paul Williams
312, Jessica Miller
567, Deborah Campbell
280, Amy Wilkinson
55, Aimee Jackson
859, Holly Green
677, Kevin Foster
358, Jeremy Mack
713, Emily Johnson
786, Lawrence Phillips
957, Jeremy Pearson
750, Collin Diaz
299, Amy Russell
94, Jack Mckinney
669, Paige Garcia
826, Casey Dawson
808, Christopher Martin
937, Dalton Green
222, Randy Wood
990, Alison Roberts
794, Kimberly Davis
435, Catherine Vargas
268, George Martinez
231, Rebecca Schroeder
726, Michele Morgan
360, Adam Peterson
729, Joseph Atkins
61, Tammy Esparza
840, Natasha Sullivan
292, Michael Russell
675, Chelsea Williams
324, Frederick Shields
952, Rhonda Vasquez
246, Laura Smith
145, Wesley Hughes
146, Jonathan Meyer
693, Thomas Sutton
645, Frances Key
453, Nicole Moore
58, Regina Davila
595, Matthew Daniel
54, Andrea Summers
639, Robert Herrera
823, Corey Hunter
523, Glen Little
43, Margaret Miller
328, Nathan Fletcher
247, Stephanie Ibarra
393, Michael Roberts
979, Adam Cox
394, Thomas Campbell
914, Karl Jones
991, Keith Cunningham
242, Erica Fischer
757, Mary Richards
887, Kristen Malone
380, Randall Taylor
514, Andre Riddle
655, Alan Valdez
785, Dr. Ricardo Howard
104, Allen Smith
958, Tabitha Deleon
534, Michele Jones
385, David Huynh
338, Olivia Hicks
493, Stacy Davis
289, Kathryn Long
391, Lance Lewis
648, Richard Griffin
402, Caitlin Lewis
530, Heather Martinez
259, Christina Rivera
598, Jaclyn Brown
822, Katherine Ferguson
268, John Spencer
776, Kaitlyn Meza
929, Jason Stewart
611, Kimberly Higgins
774, Cody Wood
509, Raymond Brown
868, John Jones
408, Theresa Jones
156, Ronald White
330, Gabriel Padilla
301, Bradley Anderson
193, Joseph Murphy
426, Rachael Manning
477, Thomas Curtis
895, Alexis Watkins
379, Nicole Padilla
109, Tanner Rhodes
406, Kevin Lawrence
588, Amanda Hunter
492, Deborah Stewart
863, Richard Contreras
150, Melissa Ryan
1000, Eric Wade
933, Nathan Scott
176, Matthew Campbell
621, Adam Garcia
689, Lance Mathis DDS
979, John Terrell
520, Julie Mercado
840, Danielle Lawson
728, Rebecca Brown
988, Tiffany Taylor
143, Ronald Hill
490, John Crawford
689, Laura Romero
93, Jacob Romero
928, Laura Pham
701, Ryan Smith
308, Stacy Fox
59, Patrick Bailey
271, Benjamin Bush
926, Donna Gonzalez
9, Michelle Ward
700, Jared Johnson
316, Heather Thomas
311, Robert Burns
925, Aaron Holland
361, William Mcdonald
12, Samantha Andrews
486, Stacy Miller
834, Eric Rodgers
977, Daniel Quinn
890, Timothy Walker
464, Peter Norton
949, David Boone
324, John Jensen
380, Robert Phillips
853, Victoria Jackson
231, Gregory Roberson
979, Scott Estrada
996, Dwayne Mason
828, Erika Morton
246, John Larson
882, Johnathan Schneider
839, Tamara Goodwin
442, Melissa Cummings
465, Joann Watson
502, Timothy Tucker
320, Samantha Torres
225, Matthew Clay MD
779, Carly Vargas
122, Janet Villarreal
705, Debra White
117, Jennifer Martin PhD
917, Elijah Anthony
727, Billy Morrow
434, Jason Scott
201, Kevin Hernandez
730, Jessica Murphy
195, Daniel Smith DVM
612, Laurie Calderon
938, Paula Walsh
755, Kathy Campbell
913, Mark Hood
935, Crystal Neal
781, Brian Bass
557, Dr. Kyle Love
573, Susan Cain
559, Lindsey Meyer
592, Kristen Nelson
932, Kristina Davis
128, Autumn Hudson
451, Aaron Scott
567, Lindsay King
735, Robert Hernandez
707, Paula Ramirez
357, Morgan Johnson
262, Christian Carroll
311, Jason Mckay
180, Randy Castro
576, Heather Brown
648, James Cooper
38, Erica Johnston
821, Michelle Cochran
540, Jesus Wilson
862, Robert Lester
103, Dustin Cook
345, Tyrone Miller
949, Todd Powell
204, Valerie Graves
555, Ms. Bailey Reed
377, James Long
272, Anthony Cunningham
683, Elizabeth Herman
40, Daniel Mendoza
4, Amanda Yu
257, Roger Johnson
218, Christopher Lee
956, Logan Pena
878, Pamela Schroeder
733, Steven Smith
535, Charles Davis
787, Jay Leonard
355, Ann Baker
330, James Richards
922, Kristina Wall
376, Christopher Davis
260, Alison Vaughn
560, Christina Edwards
939, Dale Richardson
993, Phyllis White
737, Ray Macias
506, Ronnie Kelly
980, Marvin Levine IV
546, Connie Wells
724, Paul Leon
930, Kristine Ramos
238, John Edwards
953, Joseph Garcia
261, Jose Young
486, Mathew Walker
935, Robert George
942, Sean Adams
474, Alexis Decker
298, Brooke Thomas
809, Timothy Johnson
491, Vanessa Brown
775, Kevin Ross
385, Jeffrey Goodwin
917, Brenda Haley
128, Russell Jacobs
768, Gregory Snyder
947, Candice Williams
784, Alexis Serrano
112, Joseph Herman
274, Sarah Rodriguez
748, Dana Walls
739, Ronald Price
36, Joel Smith
542, Ruben Gordon
940, Jason Salinas
507, Jessica Fields
732, Kimberly Green
759, Melissa Garcia
850, Nathan Rodriguez
596, Jamie Rivera
776, Anthony Macias
137, Jason Roy
836, John Garza
229, Emily Carlson
619, Vanessa Little
253, Amanda Walsh
410, Heather Peterson
308, Philip Jones
646, Lisa Byrd
248, Anna Hoffman
159, Jermaine Marshall
721, Julia Thompson
176, Walter Valdez
629, Robin Porter
970, Rhonda Fowler
793, Patricia Lyons
856, Sharon Myers
275, William Willis PhD
830, Brian Larson
339, Amanda Dixon
67, George Rodriguez DVM
736, Jeffrey Stewart
306, Brian Barrett
401, James Stout
436, Derek Kline
393, Robert Morton
202, Tyler Alvarez
49, Veronica Powers
395, Marcus Armstrong
929, Carlos Bryan
901, Keith Duncan
578, Diana Hayes
645, Casey Howell
425, Katie Howard
373, Stephanie Smith
252, Joseph Stone
719, Jenny Reeves
866, Jennifer Pruitt
751, Lacey Jenkins
531, Robert Massey
480, Cameron Parker
624, Kayla Ellis
741, Leah Vasquez
462, Derek Hoffman
748, Adam Smith
769, Christopher Edwards
201, Mr. Raymond Mercer
431, Jessica Edwards
788, Logan Harvey
355, Troy Case
623, Rachel Schneider
366, David Escobar
941, Shannon Schwartz
712, Sara Carrillo
971, Jennifer Walls
187, Terry Hull
658, Andrew Jordan
548, Sharon Clark
986, Susan Rodriguez
63, David Bell
61, Ronald Craig
224, Thomas Jones
831, Melanie Parker
970, Stephanie Burton
738, Jonathan Pham
572, Carolyn Clarke
40, Thomas Atkins
858, Matthew Lane
310, Miguel Garcia
900, Ryan Chambers
677, Alyssa Graham
680, Cynthia Atkins
942, Bradley Williams
676, Michael Martin
549, Devon Shelton
